{
	"format_version": "1.10.0",
	"particle_effect": {
		"description": {
			"identifier": "veka:animated_galaxy",
			"basic_render_parameters": {
				"material": "particles_blend",
				"texture": "textures/blocks/wool_colored_white"
			}
		},
		"components": {
			"minecraft:emitter_initialization": {
				"creation_expression": "v.color_center_r = 255/255;\nv.color_center_g = 215/255;\nv.color_center_b = 140/255;\nv.color_spiral1_r = 2.2*91/255;\nv.color_spiral1_g = 2.2*98/255;\nv.color_spiral1_b = 2.2*106/255;\n\nv.color_spiral2_r = 2.2*58/255;\nv.color_spiral2_g = 2.2*79/255;\nv.color_spiral2_b = 2.2*98/255;\n\nv.color_spiral3_r = 2.2*33/255;\nv.color_spiral3_g = 2.2*43/255;\nv.color_spiral3_b = 2.2*64/255;\n\nv.offset = 1;\nv.squish = 0.9;\nv.turn_factor = 36;\nv.radius_factor = 2.8;\nv.lifetime = 5;"
			},
			"minecraft:emitter_rate_steady": {
				"spawn_rate": 200,
				"max_particles": 100000
			},
			"minecraft:emitter_lifetime_looping": {
				"active_time": 60
			},
			"minecraft:emitter_shape_point": {},
			"minecraft:particle_lifetime_expression": {
				"max_lifetime": "v.lifetime+0.1"
			},
			"minecraft:particle_motion_parametric": {
				"relative_position": ["(v.radius_factor*v.particle_age*math.sin(v.particle_age*v.turn_factor+360*math.floor(v.particle_random_4*9)/9)+v.offset*(v.particle_random_1*2-1))*v.squish", "v.offset*(v.particle_random_2*2-1)", "v.radius_factor*v.particle_age*math.cos(v.particle_age*v.turn_factor+360*math.floor(v.particle_random_4*9)/9)+v.offset*(v.particle_random_3*2-1)"]
			},
			"minecraft:particle_appearance_billboard": {
				"size": [0.3, 0.3],
				"facing_camera_mode": "rotate_xyz",
				"uv": {
					"texture_width": 16,
					"texture_height": 16,
					"uv": [0, 0],
					"uv_size": [1, 1]
				}
			},
			"minecraft:particle_appearance_tinting": {
				"color": ["t.center_factor = math.pow(1-(v.radius_factor*v.particle_age/(v.particle_lifetime*v.radius_factor)),2);t.turn = math.mod(math.floor(v.particle_random_4*9),3);t.r = ((t.turn == 0) ? v.color_spiral1_r : 0) + ((t.turn == 1) ? v.color_spiral2_r : 0) + ((t.turn == 2) ? v.color_spiral3_r : 0);t.g = ((t.turn == 0) ? v.color_spiral1_g : 0) + ((t.turn == 1) ? v.color_spiral2_g : 0) + ((t.turn == 2) ? v.color_spiral3_g : 0);t.b = ((t.turn == 0) ? v.color_spiral1_b : 0) + ((t.turn == 1) ? v.color_spiral2_b : 0) + ((t.turn == 2) ? v.color_spiral3_b : 0);t.r = t.center_factor*v.color_center_r + (1-t.center_factor)*t.r;t.g = t.center_factor*v.color_center_g + (1-t.center_factor)*t.g;t.b = t.center_factor*v.color_center_b + (1-t.center_factor)*t.b;return t.r;", "t.g", "t.b", "t.edge_factor = math.pow(1-(v.particle_age/v.particle_lifetime),0.3);t.x = v.particle_random_1*2-1;t.y = v.particle_random_2*2-1;t.z = v.particle_random_3*2-1;t.offset_factor = math.clamp(math.pow(1-math.sqrt(t.x*t.x + t.y*t.y + t.z*t.z)/(math.sqrt(3)*v.offset), 2),0,1);t.a = (1-t.center_factor)*(math.min(t.edge_factor,t.offset_factor))+t.center_factor;return t.a;"]
			}
		}
	}
}