{
  "namespace": "common",

  "dialog_background_hollow_Passport@dialog_background_hollow_common_PassPort": {
    "texture": "textures/ui/BG"
  },
  "dialog_background_hollow_common_PassPort@dialog_background_common": {
    "layer": 2,
    "$fill_alpha|default": 0.0,
    "$dialog_background_texture|default": "textures/ui/control",
    "variables": [
      {
        "requires": "$is_holographic",
        "$fill_alpha": 0.0
      }
    ],
    "controls": [
      {
        "control": {
          "type": "image",
          "texture": "$dialog_background_texture",
          "layer": -1,
          "size": [ "100% - 8px", "100% - 8px" ],
          "alpha": "$fill_alpha"
        }
      }
    ]
  },
  "dialog_background_hollow_brochure@dialog_background_hollow_common_brochure": {
    "texture": "textures/ui/Welcome-UI"
  },
  "dialog_background_hollow_common_brochure@dialog_background_common": {
    "layer": 2,
    "$fill_alpha|default": 0.0,
    "$dialog_background_texture|default": "textures/ui/control",
    "variables": [
      {
        "requires": "$is_holographic",
        "$fill_alpha": 0.0
      }
    ],
    "controls": [
      {
        "control": {
          "type": "image",
          "texture": "$dialog_background_texture",
          "layer": -1,
          "size": [ "100% - 8px", "100% - 8px" ],
          "alpha": "$fill_alpha"
        }
      }
    ]
  },
  "dialog_background_hollow_hubui@dialog_background_hollow_common_hubui": {
    "texture": "textures/ui/HubNPCBG"
  },
   "dialog_background_hollow_ccui@dialog_background_hollow_common_hubui": {
    "texture": "textures/ui/CCNPCBG"
  },
  "dialog_background_hollow_common_hubui@dialog_background_common": {
    "layer": 2,
    "$fill_alpha|default": 0.0,
    "$dialog_background_texture|default": "textures/ui/control",
    "variables": [
      {
        "requires": "$is_holographic",
        "$fill_alpha": 0.0
      }
    ],
    "controls": [
      {
        "control": {
          "type": "image",
          "texture": "$dialog_background_texture",
          "layer": -1,
          "size": [ "100% - 8px", "100% - 8px" ],
          "alpha": "$fill_alpha"
        }
      }
    ]
  },
  "close_button_NPC": {
    "type": "button",
    "size": [ 21, 21 ],
    "layer": 10,
    "anchor_from": "top_right",
    "anchor_to": "top_right",
    "$close_button_offset|default": [ -2, 2 ],
    "offset": "$close_button_offset",
    "locked_control": "",
    "default_control": "default",
    "hover_control": "hover",
    "pressed_control": "pressed",
    "sound_name": "random.click",
    "sound_volume": 1.0,
    "sound_pitch": 1.0,
    "$close_button_panel_size|default": [ 15, 15 ],
    "$close_button_to_button_id|default": "button.menu_exit",
    "$default_button_alpha|default": 1,
    "$default_hover_alpha|default": 1,
    "$default_pressed_alpha|default": 1,
    "$close_button_visible_binding_name|default": "#close_button_visible",
    "$close_button_visible_binding_type|default": "none",

    "$button_tts_name|default": "",
    "$button_tts_header|default": "accessibility.button.close",
    "$tts_section_header|default": "",

    "tts_name": "$button_tts_name",
    "tts_control_header": "$button_tts_header",
    "tts_section_header": "$tts_section_header",

    "bindings": [
      {
        "binding_type": "$close_button_visible_binding_type",
        "binding_name": "$close_button_visible_binding_name",
        "binding_name_override": "#visible"
      },
      {
        "binding_name": "#tts_enabled",
        "binding_name_override": "#focus_enabled"
      }
    ],
    "button_mappings": [
      {
        "from_button_id": "button.menu_select",
        "to_button_id": "$close_button_to_button_id",
        "mapping_type": "pressed"
      },
      {
        "from_button_id": "button.menu_ok",
        "to_button_id": "$close_button_to_button_id",
        "mapping_type": "focused"
      }
    ],
    "controls": [
      {
        "default@common.close_button_panel": {
          "$close_button_texture": "textures/ui/Empty",
          "$button_alpha": "$default_button_alpha"

        }
      },
      {
        "hover@common.close_button_panel": {
          "$close_button_texture": "textures/ui/Empty"
        }
      },
      {
        "pressed@common.close_button_panel": {
          "$close_button_texture": "textures/ui/Empty"
        }
      }
    ]
  },
  "common_panel_NPC": {
    "type": "panel",
    "$dialog_background|default": "common.dialog_background_opaque",
    "$show_close_button|default": true,
    "$close_button_visible_binding_name|default": "#close_button_visible",
    "$close_button_offset|default": [ -130, -130 ],
    "$close_button_layer|default": 2,
    "$use_compact_close_button|default": false,
    "$show_divider|default": false,
    "$divider_offset|default": [ "42.5%", "22px" ],
    "$divider_visible_binding_name|default": "",
    "$divider_visible_binding_type|default": "none",
    "$divider_size|default": [ "5px", "100% - 29px" ],
    "controls": [
      {
        "bg_image@$dialog_background": {
          "layer": 1
        }
      },
      {
        "dialog_divider@common.dialog_divider": {
          "visible": "$show_divider",
          "anchor_from": "top_left",
          "anchor_to": "top_left",
          "offset": "$divider_offset",
          "size": "$divider_size",
          "bindings": [
            {
              "binding_name": "$divider_visible_binding_name",
              "binding_name_override": "#visible",
              "binding_type": "$divider_visible_binding_type"
            }
          ]
        }
      },
      {
        "close_button_holder": {
          "type": "panel",
          "ignored": "(not $show_close_button)",
          "controls": [
            {
              "close@common.close_button_NPC": {
                "layer": "$close_button_layer",
                "offset": [ -24, 50 ],
                "ignored": "$use_compact_close_button"
              }
            },
            {
              "compact_close@common.compact_close_button": {
                "layer": "$close_button_layer",
                "offset": [ -24, 50 ],
                "ignored": "(not $use_compact_close_button)"
              }
            }
          ],
          "bindings": [
            {
              "binding_name": "$close_button_visible_binding_name",
              "binding_name_override": "#visible"
            }
          ]
        }
      }
    ]
  },
  "common_panel_Passport": {
    "type": "panel",
    "$dialog_background|default": "common.dialog_background_opaque",
    "$show_close_button|default": true,
    "$close_button_visible_binding_name|default": "#close_button_visible",
    "$close_button_offset|default": [0 , 0 ],
    "$close_button_layer|default": 2,
    "$use_compact_close_button|default": false,
    "$show_divider|default": false,
    "$divider_offset|default": [ "42.5%", "22px" ],
    "$divider_visible_binding_name|default": "",
    "$divider_visible_binding_type|default": "none",
    "$divider_size|default": [ "5px", "100% - 29px" ],
    "controls": [
      {
        "bg_image@$dialog_background": {
          "layer": 1
        }
      },
      {
        "dialog_divider@common.dialog_divider": {
          "visible": "$show_divider",
          "anchor_from": "top_left",
          "anchor_to": "top_left",
          "offset": "$divider_offset",
          "size": "$divider_size",
          "bindings": [
            {
              "binding_name": "$divider_visible_binding_name",
              "binding_name_override": "#visible",
              "binding_type": "$divider_visible_binding_type"
            }
          ]
        }
      },
      {
        "close_button_holder": {
          "type": "panel",
          "ignored": "(not $show_close_button)",
          "controls": [
            {
              "close@common.close_button_NPC": {
                "layer": "$close_button_layer",
                "offset": [ -11, 9 ],
                "ignored": "$use_compact_close_button"
              }
            },
            {
              "compact_close@common.compact_close_button": {
                "layer": "$close_button_layer",
                "offset": [ -11, 9 ],
                "ignored": "(not $use_compact_close_button)"
              }
            }
          ],
          "bindings": [
            {
              "binding_name": "$close_button_visible_binding_name",
              "binding_name_override": "#visible"
            }
          ]
        }
      }
    ]
  },
  "common_panel_brochure": {
    "type": "panel",
    "$dialog_background|default": "common.dialog_background_opaque",
    "$show_close_button|default": true,
    "$close_button_visible_binding_name|default": "#close_button_visible",
    "$close_button_offset|default": [ -30, 0 ],
    "$close_button_layer|default": 2,
    "$use_compact_close_button|default": false,
    "$show_divider|default": false,
    "$divider_offset|default": [ "42.5%", "22px" ],
    "$divider_visible_binding_name|default": "",
    "$divider_visible_binding_type|default": "none",
    "$divider_size|default": [ "5px", "100% - 29px" ],
    "controls": [
      {
        "bg_image@$dialog_background": {
          "layer": 1
        }
      },
      {
        "dialog_divider@common.dialog_divider": {
          "visible": "$show_divider",
          "anchor_from": "top_left",
          "anchor_to": "top_left",
          "offset": "$divider_offset",
          "size": "$divider_size",
          "bindings": [
            {
              "binding_name": "$divider_visible_binding_name",
              "binding_name_override": "#visible",
              "binding_type": "$divider_visible_binding_type"
            }
          ]
        }
      },
      {
        "close_button_holder": {
          "type": "panel",
          "ignored": "(not $show_close_button)",
          "controls": [
            {
              "close@common.close_button": {
                "layer": "$close_button_layer",
                "offset": [ -5, 0 ],
                "ignored": "$use_compact_close_button"
              }
            },
            {
              "compact_close@common.compact_close_button": {
                "layer": "$close_button_layer",
                "offset": [ -5, 0 ],
                "ignored": "(not $use_compact_close_button)"
              }
            }
          ],
          "bindings": [
            {
              "binding_name": "$close_button_visible_binding_name",
              "binding_name_override": "#visible"
            }
          ]
        }
      }
    ]
  }
}
