{
  "namespace": "passport_form",
  
    "passport_form_start@common_dialogs.main_panel_no_buttons_Passport": {
    "$title_panel": "common_dialogs.standard_title_label",
    "$title_size": [ "100% - 14px", 10 ],
    "size": [300, 200],
    "$text_name": "",
    "$title_text_binding_type": "none",
    "$child_control": "passport_form.passport_form_panel_Start",
    "layer": 2,
	"bindings": [
			{
				"binding_name": "#title_text"
			},
			{
				"binding_type": "view",
				"source_property_name": "(#title_text = 'PassportStart')",
				"target_property_name": "#visible"
			}
		]
	},
	"passport_form_panel_Start" : {
    "type": "stack_panel",
    "size": ["100%", "100%"],
    "orientation": "vertical",
    "layer": 1,
    "anchor_from": "top_left",
    "anchor_to": "top_left",
    "controls": [
      
      {
        "scrolling_panel@common.scrolling_panel": {
          "anchor_to": "top_left",
          "anchor_from": "top_left",
          "$show_background": false,
          "size": [ "100%", "100%" ],
          "$scrolling_content": "passport_form.passport_form_scrolling_content_Start",
          "$scroll_size": [ 5, "100% - 2px" ],
          "$scrolling_pane_size": [ "100% - 4px", "100% - 32px" ],
          "$scrolling_pane_offset": [ 2, 28 ],
          "$scroll_bar_right_padding_size": [ 0, 0 ]
        }
      }
    ]
  },
  "passport_form_scrolling_content_Start": {
    "type": "stack_panel",
    "size": [ "100% - 4px", "100%c" ],
    "orientation": "vertical",
    "anchor_from": "top_left",
    "anchor_to": "top_left",

    "controls": [
      {
        "label_offset_panel": {
          "type": "panel",
          "size": ["100%", "100%c"],
          "controls": [
            {
              "main_label": {
                "type": "label",
                "offset": [2,0],
                "color": "$main_header_text_color",
                "size": ["100%", "default"],
                "anchor_from": "top_left",
                "anchor_to": "top_left",
                "text": "#form_text"
              }
            }
          ]
        }
      },
      {
        "padding": {
          "type": "panel",
          "size": [ "100%", 2 ]
        }
      },
      {
        "wrapping_panel": {
          "type": "panel",
          "size": [ "100%", "100%c" ],
          "controls": [
            {
              "passport_form_dynamic_buttons_panel@passport_form.passport_form_dynamic_buttons_panel_Start": {}
            }
          ]
        }
      }
    ]
  },

  "passport_form_dynamic_buttons_panel_Start": {
    "type": "stack_panel",
    "size": ["100% - 4px", "100%c"],
    "offset": [100, 20],
    "orientation": "vertical",
    "anchor_from": "top_middle",
    "anchor_to": "top_middle",

    "factory":{
      "name": "buttons",
      "control_name": "passport_form.dynamic_button_Start"
    },

    "collection_name": "form_buttons",
    "bindings": [
      {
        "binding_name": "#form_button_length",
        "binding_name_override": "#collection_length"
      }
    ]
  },
  "dynamic_button_Start": {
    "type": "stack_panel",
    "size": ["100%", 40],
    "orientation": "horizontal",
    "controls":[      
	  {
		"form_button@common_buttons.Profile_text_button": {
          "$pressed_button_name": "button.form_button_click",
          "anchor_from": "top_left",
          "anchor_to": "top_left",
          "size": [ 150, 40 ],
          "$button_text": "",
          "$button_text_binding_type": "collection",
          "$button_text_grid_collection_name": "form_buttons",
          "$button_text_max_size": [ "100%", 40 ],
          "bindings": [
		   {
              "binding_type": "collection_details",
              "binding_collection_name": "form_buttons"
            },
			{
                "binding_name": "#form_button_text",
                "binding_name_override": "#btn_name",
                "binding_type": "collection",
                "binding_collection_name": "form_buttons"
            },
			{
                "binding_type": "view",
				"source_property_name": "(#btn_name = 'Profile')",
                "target_property_name": "#visible"
            }				  
          ]
        }
	  },
	  {
		"form_button@common_buttons.Title_text_button": {
          "$pressed_button_name": "button.form_button_click",
          "anchor_from": "top_left",
          "anchor_to": "top_left",
          "size": [ 150, 40 ],
          "$button_text": "",
          "$button_text_binding_type": "collection",
          "$button_text_grid_collection_name": "form_buttons",
          "$button_text_max_size": [ "100%", 40 ],
          "bindings": [
		    {
              "binding_type": "collection_details",
              "binding_collection_name": "form_buttons"
            },
			{
                "binding_name": "#form_button_text",
                "binding_name_override": "#btn_name",
                "binding_type": "collection",
                "binding_collection_name": "form_buttons"
            },
			{
                "binding_type": "view",
				"source_property_name": "(#btn_name = 'Title')",
                "target_property_name": "#visible"
            }				  
          ]
        }
	  }
  ]
  },
  
  "passport_form_profile@common_dialogs.main_panel_no_buttons_Passport": {
    "$title_panel": "common_dialogs.standard_title_label",
    "$title_size": [ "100% - 14px", 10 ],
    "size": [300, 200],
    "$text_name": "",
    "$title_text_binding_type": "none",
    "$child_control": "passport_form.passport_form_panel_profile",
    "layer": 2,
	"bindings": [
			{
				"binding_name": "#title_text"
			},
			{
				"binding_type": "view",
				"source_property_name": "(#title_text = 'PassportProfile')",
				"target_property_name": "#visible"
			}
		]
	},
	"passport_form_panel_profile" : {
    "type": "stack_panel",
    "size": ["100%", "100%"],
    "orientation": "vertical",
    "layer": 1,
    "anchor_from": "top_left",
    "anchor_to": "top_left",
    "controls": [
      
      {
        "scrolling_panel@common.scrolling_panel": {
          "anchor_to": "top_left",
          "anchor_from": "top_left",
          "$show_background": false,
          "size": [ "100%", "100%" ],
          "$scrolling_content": "passport_form.passport_form_scrolling_content_profile",
          "$scroll_size": [ 5, "100% - 2px" ],
          "$scrolling_pane_size": [ "100% - 4px", "100% - 32px" ],
          "$scrolling_pane_offset": [100, 34 ],
          "$scroll_bar_right_padding_size": [ 0, 0 ]
        }
      }
    ]
  },
  "passport_form_scrolling_content_profile": {
    "type": "stack_panel",
    "size": [ "100% - 4px", "100%c" ],
    "orientation": "vertical",
    "anchor_from": "top_left",
    "anchor_to": "top_left",

    "controls": [
      {
        "label_offset_panel": {
          "type": "panel",
          "size": ["100%", "100%c"],
          "controls": [
            {
              "main_label": {
                "type": "label",
                "offset": [2,0],
                "color": "$main_header_text_color",
                "size": ["100%", "default"],
                "anchor_from": "top_left",
                "anchor_to": "top_left",
                "text": "#form_text"
              }
            }
          ]
        }
      },
      {
        "padding": {
          "type": "panel",
          "size": [ "100%", 2 ]
        }
      },
      {
        "wrapping_panel": {
          "type": "panel",
          "size": [ "100%", "100%c" ],
          "controls": [
            {
              "passport_form_dynamic_buttons_panel@passport_form.passport_form_dynamic_buttons_panel_profile": {}
            }
          ]
        }
      }
    ]
  },

  "passport_form_dynamic_buttons_panel_profile": {
    "type": "stack_panel",
    "size": ["100% - 4px", "100%c"],
    "offset": [100, 20],
    "orientation": "vertical",
    "anchor_from": "top_middle",
    "anchor_to": "top_middle",

    "factory":{
      "name": "buttons",
      "control_name": "passport_form.dynamic_button_profile"
    },

    "collection_name": "form_buttons",
    "bindings": [
      {
        "binding_name": "#form_button_length",
        "binding_name_override": "#collection_length"
      }
    ]
  },
  "dynamic_button_profile": {
    "type": "stack_panel",
    "size": ["100%", 40],
    "orientation": "horizontal",
    "controls":[     
  ]
  }, 
  
  
  "passport_form@common_dialogs.main_panel_no_buttons_Passport": {
    "$title_panel": "common_dialogs.standard_title_label",
    "$title_size": [ "100% - 14px", 10 ],
    "size": [300, 200],
    "$text_name": "",
    "$title_text_binding_type": "none",
    "$child_control": "passport_form.passport_form_panel",
    "layer": 2,
	"bindings": [
			{
				"binding_name": "#title_text"
			},
			{
				"binding_type": "view",
				"source_property_name": "(#title_text = 'Passport')",
				"target_property_name": "#visible"
			}
		]
},
"passport_form_panel" : {
    "type": "stack_panel",
    "size": ["100%", "100%"],
    "orientation": "vertical",
    "layer": 1,
    "anchor_from": "top_left",
    "anchor_to": "top_left",
    "controls": [
      
      {
        "scrolling_panel@common.scrolling_panel": {
          "anchor_to": "top_left",
          "anchor_from": "top_left",
          "$show_background": false,
          "size": [ "100%", "100%" ],
          "$scrolling_content": "passport_form.passport_form_scrolling_content",
          "$scroll_size": [ 5, "100% - 2px" ],
          "$scrolling_pane_size": [ "100% - 4px", "100% - 32px" ],
          "$scrolling_pane_offset": [ 2, 28 ],
          "$scroll_bar_right_padding_size": [ 0, 0 ]
        }
      }
    ]
  },

  "passport_form_scrolling_content": {
    "type": "stack_panel",
    "size": [ "100% - 4px", "100%c" ],
    "orientation": "vertical",
    "anchor_from": "top_left",
    "anchor_to": "top_left",

    "controls": [
      {
        "label_offset_panel": {
          "type": "panel",
          "size": ["100%", "100%c"],
          "controls": [
            {
              "main_label": {
                "type": "label",
                "offset": [2,0],
                "color": "$main_header_text_color",
                "size": ["100%", "default"],
                "anchor_from": "top_left",
                "anchor_to": "top_left",
                "text": "#form_text"
              }
            }
          ]
        }
      },
      {
        "padding": {
          "type": "panel",
          "size": [ "100%", 2 ]
        }
      },
      {
        "wrapping_panel": {
          "type": "panel",
          "size": [ "100%", "100%c" ],
          "controls": [
            {
              "passport_form_dynamic_buttons_panel@passport_form.passport_form_dynamic_buttons_panel": {}
            }
          ]
        }
      }
    ]
  },

  "passport_form_dynamic_buttons_panel": {
    "type": "stack_panel",
    "size": ["100% - 4px", "100%c"],
    "offset": [100,0],
    "orientation": "vertical",
    "anchor_from": "top_middle",
    "anchor_to": "top_middle",

    "factory":{
      "name": "buttons",
      "control_name": "passport_form.dynamic_button"
    },

    "collection_name": "form_buttons",
    "bindings": [
      {
        "binding_name": "#form_button_length",
        "binding_name_override": "#collection_length"
      }
    ]
  },

  "dynamic_button": {
    "type": "stack_panel",
    "size": ["100%", 20],
    "orientation": "horizontal",
    "controls":[      
	  {
		"form_button@common_buttons.Admin_text_button": {
          "$pressed_button_name": "button.form_button_click",
          "anchor_from": "top_left",
          "anchor_to": "top_left",
          "size": [ 75, 20 ],
          "$button_text": "",
          "$button_text_binding_type": "collection",
          "$button_text_grid_collection_name": "form_buttons",
          "$button_text_max_size": [ "100%", 20 ],
          "bindings": [
		   {
              "binding_type": "collection_details",
              "binding_collection_name": "form_buttons"
            },
			{
                "binding_name": "#form_button_text",
                "binding_name_override": "#btn_name",
                "binding_type": "collection",
                "binding_collection_name": "form_buttons"
            },
			{
                "binding_type": "view",
				"source_property_name": "(#btn_name = 'Admin')",
                "target_property_name": "#visible"
            }				  
          ]
        }
	  },
	  {
		"form_button@common_buttons.Builder_text_button": {
          "$pressed_button_name": "button.form_button_click",
          "anchor_from": "top_left",
          "anchor_to": "top_left",
          "size": [ 95, 20 ],
          "$button_text": "",
          "$button_text_binding_type": "collection",
          "$button_text_grid_collection_name": "form_buttons",
          "$button_text_max_size": [ "100%", 20 ],
          "bindings": [
		    {
              "binding_type": "collection_details",
              "binding_collection_name": "form_buttons"
            },
			{
                "binding_name": "#form_button_text",
                "binding_name_override": "#btn_name",
                "binding_type": "collection",
                "binding_collection_name": "form_buttons"
            },
			{
                "binding_type": "view",
				"source_property_name": "(#btn_name = 'Builder')",
                "target_property_name": "#visible"
            }				  
          ]
        }
	  },
	  {
		"form_button@common_buttons.Climber_text_button": {
          "$pressed_button_name": "button.form_button_click",
          "anchor_from": "top_left",
          "anchor_to": "top_left",
          "size": [ 95, 20 ],
          "$button_text": "",
          "$button_text_binding_type": "collection",
          "$button_text_grid_collection_name": "form_buttons",
          "$button_text_max_size": [ "100%", 20 ],
          "bindings": [
		    {
              "binding_type": "collection_details",
              "binding_collection_name": "form_buttons"
            },
			{
                "binding_name": "#form_button_text",
                "binding_name_override": "#btn_name",
                "binding_type": "collection",
                "binding_collection_name": "form_buttons"
            },
			{
                "binding_type": "view",
				"source_property_name": "(#btn_name = 'Climber')",
                "target_property_name": "#visible"
            }				  
          ]
        }
	  },
	  {
		"form_button@common_buttons.Flyer_text_button": {
          "$pressed_button_name": "button.form_button_click",
          "anchor_from": "top_left",
          "anchor_to": "top_left",
          "size": [ 80, 20 ],
          "$button_text": "",
          "$button_text_binding_type": "collection",
          "$button_text_grid_collection_name": "form_buttons",
          "$button_text_max_size": [ "100%", 20 ],
          "bindings": [
		    {
              "binding_type": "collection_details",
              "binding_collection_name": "form_buttons"
            },
			{
                "binding_name": "#form_button_text",
                "binding_name_override": "#btn_name",
                "binding_type": "collection",
                "binding_collection_name": "form_buttons"
            },
			{
                "binding_type": "view",
				"source_property_name": "(#btn_name = 'Flyer')",
                "target_property_name": "#visible"
            }				  
          ]
        }
	  },
	  {
		"form_button@common_buttons.Keira_text_button": {
          "$pressed_button_name": "button.form_button_click",
          "anchor_from": "top_left",
          "anchor_to": "top_left",
          "size": [ 160, 20 ],
          "$button_text": "",
          "$button_text_binding_type": "collection",
          "$button_text_grid_collection_name": "form_buttons",
          "$button_text_max_size": [ "100%", 16 ],
          "bindings": [
		  	{
              "binding_type": "collection_details",
              "binding_collection_name": "form_buttons"
            },
			{
                "binding_name": "#form_button_text",
                "binding_name_override": "#btn_name",
                "binding_type": "collection",
                "binding_collection_name": "form_buttons"
            },
			{
                "binding_type": "view",
				"source_property_name": "(#btn_name = 'Keira')",
                "target_property_name": "#visible"
            }				  
          ]
        }
	  },
	  {
		"form_button@common_buttons.Resident_text_button": {
          "$pressed_button_name": "button.form_button_click",
          "anchor_from": "top_left",
          "anchor_to": "top_left",
          "size": [ 105, 20 ],
          "$button_text": "",
          "$button_text_binding_type": "collection",
          "$button_text_grid_collection_name": "form_buttons",
          "$button_text_max_size": [ "100%", 20 ],
          "bindings": [
		  	{
              "binding_type": "collection_details",
              "binding_collection_name": "form_buttons"
            },
			{
                "binding_name": "#form_button_text",
                "binding_name_override": "#btn_name",
                "binding_type": "collection",
                "binding_collection_name": "form_buttons"
            },
			{
                "binding_type": "view",
				"source_property_name": "(#btn_name = 'Resident')",
                "target_property_name": "#visible"
            }				  
          ]
        }
	  },
	  {
		"form_button@common_buttons.SquidSeeker_text_button": {
          "$pressed_button_name": "button.form_button_click",
          "anchor_from": "top_left",
          "anchor_to": "top_left",
          "size": [ 135, 20 ],
          "$button_text": "",
          "$button_text_binding_type": "collection",
          "$button_text_grid_collection_name": "form_buttons",
          "$button_text_max_size": [ "100%", 20 ],
          "bindings": [
		   {
              "binding_type": "collection_details",
              "binding_collection_name": "form_buttons"
            },
			{
                "binding_name": "#form_button_text",
                "binding_name_override": "#btn_name",
                "binding_type": "collection",
                "binding_collection_name": "form_buttons"
            },
			{
                "binding_type": "view",
				"source_property_name": "(#btn_name = 'SquidSeeker')",
                "target_property_name": "#visible"
            }				  
          ]
        }
	  },{
		"form_button@common_buttons.AdminSelected_text_button": {
          "$pressed_button_name": "button.form_button_click",
          "anchor_from": "top_left",
          "anchor_to": "top_left",
          "size": [ 75, 20 ],
          "$button_text": "",
          "$button_text_binding_type": "collection",
          "$button_text_grid_collection_name": "form_buttons",
          "$button_text_max_size": [ "100%", 20 ],
          "bindings": [
		    {
              "binding_type": "collection_details",
              "binding_collection_name": "form_buttons"
            },
			{
                "binding_name": "#form_button_text",
                "binding_name_override": "#btn_name",
                "binding_type": "collection",
                "binding_collection_name": "form_buttons"
            },
			{
                "binding_type": "view",
				"source_property_name": "(#btn_name = 'AdminSelected')",
                "target_property_name": "#visible"
            }				  
          ]
        }
	  },
	  {
		"form_button@common_buttons.BuilderSelected_text_button": {
          "$pressed_button_name": "button.form_button_click",
          "anchor_from": "top_left",
          "anchor_to": "top_left",
          "size": [ 95, 20 ],
          "$button_text": "",
          "$button_text_binding_type": "collection",
          "$button_text_grid_collection_name": "form_buttons",
          "$button_text_max_size": [ "100%", 20 ],
          "bindings": [
		   {
              "binding_type": "collection_details",
              "binding_collection_name": "form_buttons"
            },
			{
                "binding_name": "#form_button_text",
                "binding_name_override": "#btn_name",
                "binding_type": "collection",
                "binding_collection_name": "form_buttons"
            },
			{
                "binding_type": "view",
				"source_property_name": "(#btn_name = 'BuilderSelected')",
                "target_property_name": "#visible"
            }				  
          ]
        }
	  },
	  {
		"form_button@common_buttons.ClimberSelected_text_button": {
          "$pressed_button_name": "button.form_button_click",
          "anchor_from": "top_left",
          "anchor_to": "top_left",
          "size": [ 95, 20 ],
          "$button_text": "",
          "$button_text_binding_type": "collection",
          "$button_text_grid_collection_name": "form_buttons",
          "$button_text_max_size": [ "100%", 20 ],
          "bindings": [
		    {
              "binding_type": "collection_details",
              "binding_collection_name": "form_buttons"
            },
			{
                "binding_name": "#form_button_text",
                "binding_name_override": "#btn_name",
                "binding_type": "collection",
                "binding_collection_name": "form_buttons"
            },
			{
                "binding_type": "view",
				"source_property_name": "(#btn_name = 'ClimberSelected')",
                "target_property_name": "#visible"
            }				  
          ]
        }
	  },
	  {
		"form_button@common_buttons.FlyerSelected_text_button": {
          "$pressed_button_name": "button.form_button_click",
          "anchor_from": "top_left",
          "anchor_to": "top_left",
          "size": [ 80, 20 ],
          "$button_text": "",
          "$button_text_binding_type": "collection",
          "$button_text_grid_collection_name": "form_buttons",
          "$button_text_max_size": [ "100%", 20 ],
          "bindings": [
		   {
              "binding_type": "collection_details",
              "binding_collection_name": "form_buttons"
            },
			{
                "binding_name": "#form_button_text",
                "binding_name_override": "#btn_name",
                "binding_type": "collection",
                "binding_collection_name": "form_buttons"
            },
			{
                "binding_type": "view",
				"source_property_name": "(#btn_name = 'FlyerSelected')",
                "target_property_name": "#visible"
            }				  
          ]
        }
	  },
	  {
		"form_button@common_buttons.KeiraSelected_text_button": {
          "$pressed_button_name": "button.form_button_click",
          "anchor_from": "top_left",
          "anchor_to": "top_left",
          "size": [ 160, 20 ],
          "$button_text": "",
          "$button_text_binding_type": "collection",
          "$button_text_grid_collection_name": "form_buttons",
          "$button_text_max_size": [ "100%", 16 ],
          "bindings": [
		   {
              "binding_type": "collection_details",
              "binding_collection_name": "form_buttons"
            },
			{
                "binding_name": "#form_button_text",
                "binding_name_override": "#btn_name",
                "binding_type": "collection",
                "binding_collection_name": "form_buttons"
            },
			{
                "binding_type": "view",
				"source_property_name": "(#btn_name = 'KeiraSelected')",
                "target_property_name": "#visible"
            }				  
          ]
        }
	  },
	  {
		"form_button@common_buttons.ResidentSelected_text_button": {
          "$pressed_button_name": "button.form_button_click",
          "anchor_from": "top_left",
          "anchor_to": "top_left",
          "size": [ 105, 20 ],
          "$button_text": "",
          "$button_text_binding_type": "collection",
          "$button_text_grid_collection_name": "form_buttons",
          "$button_text_max_size": [ "100%", 20 ],
          "bindings": [
		    {
              "binding_type": "collection_details",
              "binding_collection_name": "form_buttons"
            },
			{
                "binding_name": "#form_button_text",
                "binding_name_override": "#btn_name",
                "binding_type": "collection",
                "binding_collection_name": "form_buttons"
            },
			{
                "binding_type": "view",
				"source_property_name": "(#btn_name = 'ResidentSelected')",
                "target_property_name": "#visible"
            }				  
          ]
        }
	  },
	  {
		"form_button@common_buttons.SquidSeekerSelected_text_button": {
          "$pressed_button_name": "button.form_button_click",
          "anchor_from": "top_left",
          "anchor_to": "top_left",
          "size": [ 135, 20 ],
          "$button_text": "",
          "$button_text_binding_type": "collection",
          "$button_text_grid_collection_name": "form_buttons",
          "$button_text_max_size": [ "100%", 20 ],
          "bindings": [
		   {
              "binding_type": "collection_details",
              "binding_collection_name": "form_buttons"
            },
			{
                "binding_name": "#form_button_text",
                "binding_name_override": "#btn_name",
                "binding_type": "collection",
                "binding_collection_name": "form_buttons"
            },
			{
                "binding_type": "view",
				"source_property_name": "(#btn_name = 'SquidSeekerSelected')",
                "target_property_name": "#visible"
            }				  
          ]
        }
	  }                     
    ]
  }
}